"ItemName","Page","GID","GrupID","Value","Conf","KeyWord","x","y","w","h"
"Image","-1","-1","-1","固定資産5_2.png","-1","-1","-1","-1","-1","-1"
"Image_jshfilename","-1","-1","-1","C:\AIRead_ETL\ocrtemp\31_202508261401321079\success\固定資産5_2.png","-1","-1","-1","-1","-1","-1"
"modifyDate","-1","-1","-1","2025-08-26T17:55:06","-1","-1","-1","-1","-1","-1"
"processDate","-1","-1","-1","2025-08-26T18:08:45","-1","-1","-1","-1","-1","-1"
"result","-1","-1","-1","true","-1","-1","-1","-1","-1","-1"
"form_id","-1","-1","-1","05_010_00_00","-1","-1","-1","-1","-1","-1"
"image_width","2","-1","-1","3508","-1","-1","-1","-1","-1","-1"
"image_height","2","-1","-1","2480","-1","-1","-1","-1","-1","-1"
"formid","2","","-1","05_010_00","100","","-1","-1","-1","-1"
"資産コード勘定償却方法","2","detail","0","0200150121建物附属設備旧定率(均)","99","null","241","481","719","36"
"資産コード勘定償却方法","2","detail","1","0200150131建物附属設備旧定率(均)","99","null","243","604","717","39"
"資産コード勘定償却方法","2","detail","2","0200150141建物附属設備旧定率(均)","99","null","240","723","719","43"
"資産コード勘定償却方法","2","detail","3","0200150151建物附属設備旧定率(均)","99","null","240","853","719","38"
"資産コード勘定償却方法","2","detail","4","0200150161建物附属設備旧定率法","96","null","241","978","695","38"
"資産コード勘定償却方法","2","detail","5","0200150171建物附属設備旧定率法","99","null","239","1104","694","36"
"資産コード勘定償却方法","2","detail","6","0200150181建物附属設備200%率(均)","99","null","237","1228","719","38"
"資産コード勘定償却方法","2","detail","7","","100","null","0","0","0","0"
"資産コード勘定償却方法","2","detail","8","","100","null","0","0","0","0"
"資産コード勘定償却方法","2","detail","9","02","99","null","237","1610","35","27"
"資産コード勘定償却方法","2","detail","10","0300200011構築物 旧定率(均)","99","null","236","1849","718","37"
"資産コード勘定償却方法","2","detail","11","0300100061構築物 旧定率法","94","null","236","1975","696","38"
"資産コード勘定償却方法","2","detail","12","0300150041構築物 旧定率(均)","99","null","236","2100","717","36"
"資産名 資産区分","2","detail","0","店舗給水配管設備 所有資産","99","null","244","528","741","31"
"資産名 資産区分","2","detail","1","店舗給湯配管設備 所有資産","99","null","240","649","748","35"
"資産名 資産区分","2","detail","2","店舗排水配管設備 所有資産","99","null","239","775","745","34"
"資産名 資産区分","2","detail","3","店舗雨水排水設備 所有資産","99","null","244","899","743","33"
"資産名 資産区分","2","detail","4","店舗電気設備工事 所有資産","99","null","245","1023","741","35"
"資産名 資産区分","2","detail","5","店舗給排水、給湯ガス 所有資産","76","null","238","1148","747","35"
"資産名 資産区分","2","detail","6","店舗衛生器具設備ト化レ 所有資産","92","null","237","1273","748","35"
"資産名 資産区分","2","detail","7","期中除却・売却資産以外計","99","null","296","1398","409","34"
"資産名 資産区分","2","detail","8","期中除却・売却資産計","99","null","300","1523","408","34"
"資産名 資産区分","2","detail","9","水米米建物附属設備計氷水","27","null","240","1646","390","34"
"資産名 資産区分","2","detail","10","鉄骨製駐車場看板 所有資産","99","null","240","1896","742","34"
"資産名 資産区分","2","detail","11","駐車場アスファルト舗装 所有資産","99","null","239","2020","743","35"
"資産名 資産区分","2","detail","12","駐車場南側コンクリート土留 所有資産","67","null","239","2146","743","34"
"場所","2","detail","0","小布施町","99","null","649","566","126","33"
"場所","2","detail","1","小布施町","99","null","648","690","127","33"
"場所","2","detail","2","小布施町","99","null","648","815","126","33"
"場所","2","detail","3","小布施町","99","null","647","939","127","34"
"場所","2","detail","4","小布施町","99","null","647","1064","126","34"
"場所","2","detail","5","小布施町","99","null","645","1189","128","33"
"場所","2","detail","6","小布施町","99","null","646","1315","126","33"
"場所","2","detail","7","","100","null","0","0","0","0"
"場所","2","detail","8","","100","null","0","0","0","0"
"場所","2","detail","9","","100","null","0","0","0","0"
"場所","2","detail","10","小布施町","99","null","643","1937","127","33"
"場所","2","detail","11","小布施町","99","null","643","2061","127","34"
"場所","2","detail","12","小布施町","99","null","642","2186","127","34"
"数量","2","detail","0","1","99","null","1073","492","17","21"
"数量","2","detail","1","1","99","null","1073","615","16","22"
"数量","2","detail","2","1","99","null","1072","740","16","22"
"数量","2","detail","3","1","99","null","1072","864","17","23"
"数量","2","detail","4","1","99","null","1071","990","17","22"
"数量","2","detail","5","1","99","null","1071","1115","16","22"
"数量","2","detail","6","1","99","null","1070","1239","16","23"
"数量","2","detail","7","","100","null","0","0","0","0"
"数量","2","detail","8","","100","null","0","0","0","0"
"数量","2","detail","9","","100","null","0","0","0","0"
"数量","2","detail","10","1","99","null","1067","1862","16","23"
"数量","2","detail","11","1","99","null","1067","1988","16","21"
"数量","2","detail","12","1","99","null","1067","2112","17","22"
"増加事由","2","detail","0","","100","null","0","0","0","0"
"増加事由","2","detail","1","","100","null","0","0","0","0"
"増加事由","2","detail","2","","100","null","0","0","0","0"
"増加事由","2","detail","3","","100","null","0","0","0","0"
"増加事由","2","detail","4","","100","null","0","0","0","0"
"増加事由","2","detail","5","","100","null","0","0","0","0"
"増加事由","2","detail","6","","100","null","0","0","0","0"
"増加事由","2","detail","7","","100","null","0","0","0","0"
"増加事由","2","detail","8","","100","null","0","0","0","0"
"増加事由","2","detail","9","","100","null","0","0","0","0"
"増加事由","2","detail","10","","100","null","0","0","0","0"
"増加事由","2","detail","11","","100","null","0","0","0","0"
"増加事由","2","detail","12","","100","null","0","0","0","0"
"減少事由","2","detail","0","","100","null","0","0","0","0"
"減少事由","2","detail","1","","100","null","0","0","0","0"
"減少事由","2","detail","2","","100","null","0","0","0","0"
"減少事由","2","detail","3","","100","null","0","0","0","0"
"減少事由","2","detail","4","","100","null","0","0","0","0"
"減少事由","2","detail","5","","100","null","0","0","0","0"
"減少事由","2","detail","6","","100","null","0","0","0","0"
"減少事由","2","detail","7","","100","null","0","0","0","0"
"減少事由","2","detail","8","","100","null","0","0","0","0"
"減少事由","2","detail","9","","100","null","0","0","0","0"
"減少事由","2","detail","10","","100","null","0","0","0","0"
"減少事由","2","detail","11","償却済","99","null","1027","2062","95","33"
"減少事由","2","detail","12","","100","null","0","0","0","0"
"事業供用日","2","detail","0","平7.10.31","83","null","1161","485","151","33"
"事業供用日","2","detail","1","平7.10.31","99","null","1163","609","149","33"
"事業供用日","2","detail","2","平7,10.31","83","null","1162","733","149","32"
"事業供用日","2","detail","3","平7.10.31","99","null","1161","859","150","33"
"事業供用日","2","detail","4","平12.4.30","90","null","1160","983","152","33"
"事業供用日","2","detail","5","平12.4.30","99","null","1159","1109","152","32"
"事業供用日","2","detail","6","平26.11.10","99","null","1158","1233","151","33"
"事業供用日","2","detail","7","","100","null","0","0","0","0"
"事業供用日","2","detail","8","","100","null","0","0","0","0"
"事業供用日","2","detail","9","","100","null","0","0","0","0"
"事業供用日","2","detail","10","昭59.4.30","98","null","1157","1856","150","32"
"事業供用日","2","detail","11","平5.1.31","90","null","1156","1982","150","31"
"事業供用日","2","detail","12","平5.1.31","96","null","1156","2106","149","33"
"増加日","2","detail","0","","100","null","0","0","0","0"
"増加日","2","detail","1","","100","null","0","0","0","0"
"増加日","2","detail","2","","100","null","0","0","0","0"
"増加日","2","detail","3","","100","null","0","0","0","0"
"増加日","2","detail","4","","100","null","0","0","0","0"
"増加日","2","detail","5","","100","null","0","0","0","0"
"増加日","2","detail","6","","100","null","0","0","0","0"
"増加日","2","detail","7","","100","null","0","0","0","0"
"増加日","2","detail","8","","100","null","0","0","0","0"
"増加日","2","detail","9","","100","null","0","0","0","0"
"増加日","2","detail","10","","100","null","0","0","0","0"
"増加日","2","detail","11","","100","null","0","0","0","0"
"増加日","2","detail","12","","100","null","0","0","0","0"
"減少日","2","detail","0","","100","null","0","0","0","0"
"減少日","2","detail","1","","100","null","0","0","0","0"
"減少日","2","detail","2","","100","null","0","0","0","0"
"減少日","2","detail","3","","100","null","0","0","0","0"
"減少日","2","detail","4","","100","null","0","0","0","0"
"減少日","2","detail","5","","100","null","0","0","0","0"
"減少日","2","detail","6","","100","null","0","0","0","0"
"減少日","2","detail","7","","100","null","0","0","0","0"
"減少日","2","detail","8","","100","null","0","0","0","0"
"減少日","2","detail","9","","100","null","0","0","0","0"
"減少日","2","detail","10","","100","null","0","0","0","0"
"減少日","2","detail","11","","100","null","0","0","0","0"
"減少日","2","detail","12","","100","null","0","0","0","0"
"取得価額","2","detail","0","1,245,902","99","null","1433","482","131","34"
"取得価額","2","detail","1","296,191","99","null","1456","611","106","30"
"取得価額","2","detail","2","1,182,380","99","null","1432","735","131","32"
"取得価額","2","detail","3","624,549","99","null","1460","856","104","35"
"取得価額","2","detail","4","219,090","99","null","1459","988","103","26"
"取得価額","2","detail","5","778,039","99","null","1455","1111","107","31"
"取得価額","2","detail","6","370,350","99","null","1453","1236","107","31"
"取得価額","2","detail","7","14,943,743","99","null","1415","1360","145","32"
"取得価額","2","detail","8","","100","null","0","0","0","0"
"取得価額","2","detail","9","14,943,743","99","null","1409","1610","150","30"
"取得価額","2","detail","10","123,000","99","null","1453","1856","106","34"
"取得価額","2","detail","11","6,014,563","99","null","1421","1985","136","30"
"取得価額","2","detail","12","565,534","99","null","1451","2107","107","32"
"圧縮積立金","2","detail","0","","100","null","0","0","0","0"
"圧縮積立金","2","detail","1","","100","null","0","0","0","0"
"圧縮積立金","2","detail","2","","100","null","0","0","0","0"
"圧縮積立金","2","detail","3","","100","null","0","0","0","0"
"圧縮積立金","2","detail","4","","100","null","0","0","0","0"
"圧縮積立金","2","detail","5","","100","null","0","0","0","0"
"圧縮積立金","2","detail","6","","100","null","0","0","0","0"
"圧縮積立金","2","detail","7","","100","null","0","0","0","0"
"圧縮積立金","2","detail","8","","100","null","0","0","0","0"
"圧縮積立金","2","detail","9","","100","null","0","0","0","0"
"圧縮積立金","2","detail","10","","100","null","0","0","0","0"
"圧縮積立金","2","detail","11","","100","null","0","0","0","0"
"圧縮積立金","2","detail","12","","100","null","0","0","0","0"
"期首帳簿価額$","2","detail","0","62,295","99","null","1471","561","93","37"
"期首帳簿価額$","2","detail","1","14,809","99","null","1477","689","87","32"
"期首帳簿価額$","2","detail","2","59,119","99","null","1471","814","93","33"
"期首帳簿価額$","2","detail","3","31,227","99","null","1470","942","92","28"
"期首帳簿価額$","2","detail","4","11,940","99","null","1475","1066","89","31"
"期首帳簿価額$","2","detail","5","42,393","99","null","1468","1190","92","31"
"期首帳簿価額$","2","detail","6","97,965","99","null","1469","1316","93","30"
"期首帳簿価額$","2","detail","7","336,943","99","null","1454","1442","106","28"
"期首帳簿価額$","2","detail","8","","100","null","0","0","0","0"
"期首帳簿価額$","2","detail","9","336,943","99","null","1452","1691","107","28"
"期首帳簿価額$","2","detail","10","5","99","null","1541","1945","20","22"
"期首帳簿価額$","2","detail","11","1","99","null","1543","2069","17","23"
"期首帳簿価額$","2","detail","12","11,311","99","null","1467","2191","95","30"
"残存価額","2","detail","0","124,590","99","null","1702","481","109","36"
"残存価額","2","detail","1","29,619","99","null","1714","610","93","31"
"残存価額","2","detail","2","118,238","99","null","1704","734","102","31"
"残存価額","2","detail","3","62,454","99","null","1713","859","97","32"
"残存価額","2","detail","4","21,909","99","null","1713","985","92","31"
"残存価額","2","detail","5","77,803","99","null","1713","1110","97","30"
"残存価額","2","detail","6","0","99","null","1786","1238","20","23"
"残存価額","2","detail","7","1,457,334","99","null","1672","1357","136","33"
"残存価額","2","detail","8","0","99","null","1786","1488","20","22"
"残存価額","2","detail","9","1,457,334","99","null","1668","1610","136","31"
"残存価額","2","detail","10","12,300","99","null","1711","1859","90","31"
"残存価額","2","detail","11","601,456","99","null","1693","1985","108","30"
"残存価額","2","detail","12","56,553","99","null","1709","2109","92","31"
"期中減少額","2","detail","0","","100","null","0","0","0","0"
"期中減少額","2","detail","1","","100","null","0","0","0","0"
"期中減少額","2","detail","2","","100","null","0","0","0","0"
"期中減少額","2","detail","3","","100","null","0","0","0","0"
"期中減少額","2","detail","4","","100","null","0","0","0","0"
"期中減少額","2","detail","5","","100","null","0","0","0","0"
"期中減少額","2","detail","6","","100","null","0","0","0","0"
"期中減少額","2","detail","7","","100","null","0","0","0","0"
"期中減少額","2","detail","8","","100","null","0","0","0","0"
"期中減少額","2","detail","9","","100","null","0","0","0","0"
"期中減少額","2","detail","10","","100","null","0","0","0","0"
"期中減少額","2","detail","11","","100","null","0","0","0","0"
"期中減少額","2","detail","12","","100","null","0","0","0","0"
"期中増加額","2","detail","0","","100","null","0","0","0","0"
"期中増加額","2","detail","1","","100","null","0","0","0","0"
"期中増加額","2","detail","2","","100","null","0","0","0","0"
"期中増加額","2","detail","3","","100","null","0","0","0","0"
"期中増加額","2","detail","4","","100","null","0","0","0","0"
"期中増加額","2","detail","5","","100","null","0","0","0","0"
"期中増加額","2","detail","6","","100","null","0","0","0","0"
"期中増加額","2","detail","7","","100","null","0","0","0","0"
"期中増加額","2","detail","8","","100","null","0","0","0","0"
"期中増加額","2","detail","9","","100","null","0","0","0","0"
"期中増加額","2","detail","10","","100","null","0","0","0","0"
"期中増加額","2","detail","11","","100","null","0","0","0","0"
"期中増加額","2","detail","12","","100","null","0","0","0","0"
"償却可能限度/保証","2","detail","0","1","99","null","2036","489","17","21"
"償却可能限度/保証","2","detail","1","1","99","null","2036","613","17","22"
"償却可能限度/保証","2","detail","2","1","99","null","2035","737","17","23"
"償却可能限度/保証","2","detail","3","1","99","null","2035","863","20","23"
"償却可能限度/保証","2","detail","4","10,954","99","null","1963","984","90","29"
"償却可能限度/保証","2","detail","5","38,901","99","null","1957","1110","91","31"
"償却可能限度/保証","2","detail","6","16,906","99","null","1957","1235","91","31"
"償却可能限度/保証","2","detail","7","66,775","99","null","1956","1360","92","31"
"償却可能限度/保証","2","detail","8","0","99","null","2030","1488","21","22"
"償却可能限度/保証","2","detail","9","66,775","99","null","1955","1610","92","31"
"償却可能限度/保証","2","detail","10","1","99","null","2030","1862","17","23"
"償却可能限度/保証","2","detail","11","1","99","null","2031","1988","16","22"
"償却可能限度/保証","2","detail","12","1","99","null","2030","2112","16","23"
"期首償却過不足","2","detail","0","","100","null","0","0","0","0"
"期首償却過不足","2","detail","1","","100","null","0","0","0","0"
"期首償却過不足","2","detail","2","","100","null","0","0","0","0"
"期首償却過不足","2","detail","3","","100","null","0","0","0","0"
"期首償却過不足","2","detail","4","","100","null","0","0","0","0"
"期首償却過不足","2","detail","5","","100","null","0","0","0","0"
"期首償却過不足","2","detail","6","","100","null","0","0","0","0"
"期首償却過不足","2","detail","7","","100","null","0","0","0","0"
"期首償却過不足","2","detail","8","","100","null","0","0","0","0"
"期首償却過不足","2","detail","9","","100","null","0","0","0","0"
"期首償却過不足","2","detail","10","","100","null","0","0","0","0"
"期首償却過不足","2","detail","11","","100","null","0","0","0","0"
"期首償却過不足","2","detail","12","","100","null","0","0","0","0"
"償却基礎額","2","detail","0","62,295","99","null","1959","566","92","29"
"償却基礎額","2","detail","1","14,809","99","null","1960","691","90","28"
"償却基礎額","2","detail","2","59,119","99","null","1958","816","92","29"
"償却基礎額","2","detail","3","31,227","99","null","1958","941","91","36"
"償却基礎額","2","detail","4","11,940","99","null","1963","1066","89","29"
"償却基礎額","2","detail","5","42,393","99","null","1955","1191","98","32"
"償却基礎額","2","detail","6","114,311","99","null","1946","1317","101","30"
"償却基礎額","2","detail","7","847,454","99","null","1940","1440","109","30"
"償却基礎額","2","detail","8","","100","null","0","0","0","0"
"償却基礎額","2","detail","9","847,454","99","null","1939","1691","108","28"
"償却基礎額","2","detail","10","6,150","99","null","1968","1941","78","29"
"償却基礎額","2","detail","11","300,728","99","null","1938","2066","107","28"
"償却基礎額","2","detail","12","28,276","99","null","1956","2190","92","30"
"耐用年数","2","detail","0","15","99","null","2145","487","28","23"
"耐用年数","2","detail","1","15","99","null","2144","606","29","33"
"耐用年数","2","detail","2","15","99","null","2143","731","30","33"
"耐用年数","2","detail","3","15","99","null","2143","858","30","33"
"耐用年数","2","detail","4","15","99","null","2143","980","30","35"
"耐用年数","2","detail","5","15","99","null","2142","1106","31","35"
"耐用年数","2","detail","6","15","99","null","2141","1231","32","34"
"耐用年数","2","detail","7","","100","null","0","0","0","0"
"耐用年数","2","detail","8","","100","null","0","0","0","0"
"耐用年数","2","detail","9","","100","null","0","0","0","0"
"耐用年数","2","detail","10","20","99","null","2137","1857","34","33"
"耐用年数","2","detail","11","10","99","null","2138","1981","34","34"
"耐用年数","2","detail","12","15","99","null","2138","2109","33","27"
"償却率","2","detail","0","0.142","97","null","2101","524","72","28"
"償却率","2","detail","1","0,142","99","null","2097","649","76","30"
"償却率","2","detail","2","0,142","96","null","2100","774","73","29"
"償却率","2","detail","3","0.142","98","null","2096","899","77","32"
"償却率","2","detail","4","0.142","99","null","2096","1025","76","27"
"償却率","2","detail","5","0.142","98","null","2095","1150","77","28"
"償却率","2","detail","6","0.143","98","null","2094","1274","79","31"
"償却率","2","detail","7","","100","null","0","0","0","0"
"償却率","2","detail","8","","100","null","0","0","0","0"
"償却率","2","detail","9","","100","null","0","0","0","0"
"償却率","2","detail","10","0.109","85","null","2092","1899","77","30"
"償却率","2","detail","11","","100","null","0","0","0","0"
"償却率","2","detail","12","0.142","95","null","2095","2149","76","28"
"償却月数","2","detail","0","12","99","null","2144","561","29","33"
"償却月数","2","detail","1","12","99","null","2144","688","29","30"
"償却月数","2","detail","2","12","99","null","2144","814","29","30"
"償却月数","2","detail","3","12","99","null","2143","940","30","29"
"償却月数","2","detail","4","7","99","null","2156","1069","17","23"
"償却月数","2","detail","5","7","99","null","2155","1194","18","23"
"償却月数","2","detail","6","12","99","null","2142","1316","29","29"
"償却月数","2","detail","7","","100","null","0","0","0","0"
"償却月数","2","detail","8","","100","null","0","0","0","0"
"償却月数","2","detail","9","","100","null","0","0","0","0"
"償却月数","2","detail","10","1","99","null","2154","1945","17","22"
"償却月数","2","detail","11","","100","null","0","0","0","0"
"償却月数","2","detail","12","12","99","null","2139","2187","32","33"
"算出償却額","2","detail","0","12,458","99","null","2314","482","100","30"
"算出償却額","2","detail","1","2,961","99","null","2336","605","77","34"
"算出償却額","2","detail","2","11,823","99","null","2327","730","86","35"
"算出償却額","2","detail","3","6,245","99","null","2340","854","71","37"
"算出償却額","2","detail","4","986","99","null","2365","982","46","31"
"算出償却額","2","detail","5","3,492","99","null","2335","1104","77","36"
"算出償却額","2","detail","6","16,346","99","null","2324","1231","85","33"
"算出償却額","2","detail","7","62,902","99","null","2315","1356","94","35"
"算出償却額","2","detail","8","","100","null","0","0","0","0"
"算出償却額","2","detail","9","62,902","99","null","2317","1608","90","32"
"算出償却額","2","detail","10","4","99","null","2391","1861","14","24"
"算出償却額","2","detail","11","","100","null","0","0","0","0"
"算出償却額","2","detail","12","5,655","99","null","2331","2104","72","37"
"増加償却額","2","detail","0","","100","null","0","0","0","0"
"増加償却額","2","detail","1","","100","null","0","0","0","0"
"増加償却額","2","detail","2","","100","null","0","0","0","0"
"増加償却額","2","detail","3","","100","null","0","0","0","0"
"増加償却額","2","detail","4","","100","null","0","0","0","0"
"増加償却額","2","detail","5","","100","null","0","0","0","0"
"増加償却額","2","detail","6","","100","null","0","0","0","0"
"増加償却額","2","detail","7","","100","null","0","0","0","0"
"増加償却額","2","detail","8","","100","null","0","0","0","0"
"増加償却額","2","detail","9","","100","null","0","0","0","0"
"増加償却額","2","detail","10","","100","null","0","0","0","0"
"増加償却額","2","detail","11","","100","null","0","0","0","0"
"増加償却額","2","detail","12","","100","null","0","0","0","0"
"当期償却限度額","2","detail","0","12,458","99","null","2323","562","90","33"
"当期償却限度額","2","detail","1","2,961","99","null","2336","687","77","33"
"当期償却限度額","2","detail","2","11,823","99","null","2323","811","88","35"
"当期償却限度額","2","detail","3","6,245","99","null","2335","938","77","32"
"当期償却限度額","2","detail","4","986","99","null","2365","1065","46","29"
"当期償却限度額","2","detail","5","3,492","99","null","2333","1188","76","33"
"当期償却限度額","2","detail","6","16,346","99","null","2325","1316","84","30"
"当期償却限度額","2","detail","7","62,902","99","null","2318","1441","89","29"
"当期償却限度額","2","detail","8","","100","null","0","0","0","0"
"当期償却限度額","2","detail","9","62,902","99","null","2317","1691","90","28"
"当期償却限度額","2","detail","10","4","99","null","2390","1944","15","23"
"当期償却限度額","2","detail","11","","100","null","0","0","0","0"
"当期償却限度額","2","detail","12","5,655","99","null","2330","2188","73","33"
"割増償却額","2","detail","0","","100","null","0","0","0","0"
"割増償却額","2","detail","1","","100","null","0","0","0","0"
"割増償却額","2","detail","2","","100","null","0","0","0","0"
"割増償却額","2","detail","3","","100","null","0","0","0","0"
"割増償却額","2","detail","4","","100","null","0","0","0","0"
"割増償却額","2","detail","5","","100","null","0","0","0","0"
"割増償却額","2","detail","6","","100","null","0","0","0","0"
"割増償却額","2","detail","7","","100","null","0","0","0","0"
"割増償却額","2","detail","8","","100","null","0","0","0","0"
"割増償却額","2","detail","9","","100","null","0","0","0","0"
"割増償却額","2","detail","10","","100","null","0","0","0","0"
"割増償却額","2","detail","11","","100","null","0","0","0","0"
"割増償却額","2","detail","12","","100","null","0","0","0","0"
"特別償却額","2","detail","0","","100","null","0","0","0","0"
"特別償却額","2","detail","1","","100","null","0","0","0","0"
"特別償却額","2","detail","2","","100","null","0","0","0","0"
"特別償却額","2","detail","3","","100","null","0","0","0","0"
"特別償却額","2","detail","4","","100","null","0","0","0","0"
"特別償却額","2","detail","5","","100","null","0","0","0","0"
"特別償却額","2","detail","6","","100","null","0","0","0","0"
"特別償却額","2","detail","7","","100","null","0","0","0","0"
"特別償却額","2","detail","8","","100","null","0","0","0","0"
"特別償却額","2","detail","9","","100","null","0","0","0","0"
"特別償却額","2","detail","10","","100","null","0","0","0","0"
"特別償却額","2","detail","11","","100","null","0","0","0","0"
"特別償却額","2","detail","12","","100","null","0","0","0","0"
"当期償却額","2","detail","0","12,458","99","null","2570","563","87","29"
"当期償却額","2","detail","1","2,961","99","null","2579","689","75","30"
"当期償却額","2","detail","2","11,823","99","null","2569","812","88","31"
"当期償却額","2","detail","3","6,245","99","null","2578","939","76","29"
"当期償却額","2","detail","4","986","99","null","2607","1063","48","31"
"当期償却額","2","detail","5","3,492","99","null","2576","1193","76","24"
"当期償却額","2","detail","6","16,346","99","null","2563","1316","90","30"
"当期償却額","2","detail","7","62,902","99","null","2561","1440","91","30"
"当期償却額","2","detail","8","0","99","null","2635","1569","20","22"
"当期償却額","2","detail","9","62,902","99","null","2559","1691","92","27"
"当期償却額","2","detail","10","4","99","null","2632","1944","21","22"
"当期償却額","2","detail","11","0","99","null","2632","2068","21","23"
"当期償却額","2","detail","12","5,655","99","null","2572","2190","76","30"
"積立金取崩額","2","detail","0","","100","null","0","0","0","0"
"積立金取崩額","2","detail","1","","100","null","0","0","0","0"
"積立金取崩額","2","detail","2","","100","null","0","0","0","0"
"積立金取崩額","2","detail","3","","100","null","0","0","0","0"
"積立金取崩額","2","detail","4","","100","null","0","0","0","0"
"積立金取崩額","2","detail","5","","100","null","0","0","0","0"
"積立金取崩額","2","detail","6","","100","null","0","0","0","0"
"積立金取崩額","2","detail","7","","100","null","0","0","0","0"
"積立金取崩額","2","detail","8","","100","null","0","0","0","0"
"積立金取崩額","2","detail","9","","100","null","0","0","0","0"
"積立金取崩額","2","detail","10","","100","null","0","0","0","0"
"積立金取崩額","2","detail","11","","100","null","0","0","0","0"
"積立金取崩額","2","detail","12","","100","null","0","0","0","0"
"期末積立金額","2","detail","0","","100","null","0","0","0","0"
"期末積立金額","2","detail","1","","100","null","0","0","0","0"
"期末積立金額","2","detail","2","","100","null","0","0","0","0"
"期末積立金額","2","detail","3","","100","null","0","0","0","0"
"期末積立金額","2","detail","4","","100","null","0","0","0","0"
"期末積立金額","2","detail","5","","100","null","0","0","0","0"
"期末積立金額","2","detail","6","","100","null","0","0","0","0"
"期末積立金額","2","detail","7","","100","null","0","0","0","0"
"期末積立金額","2","detail","8","","100","null","0","0","0","0"
"期末積立金額","2","detail","9","","100","null","0","0","0","0"
"期末積立金額","2","detail","10","","100","null","0","0","0","0"
"期末積立金額","2","detail","11","","100","null","0","0","0","0"
"期末積立金額","2","detail","12","","100","null","0","0","0","0"
"期末帳簿価額","2","detail","0","49,837","99","null","2804","563","92","29"
"期末帳簿価額","2","detail","1","11,848","99","null","2809","688","86","29"
"期末帳簿価額","2","detail","2","47,296","99","null","2803","814","93","29"
"期末帳簿価額","2","detail","3","24,982","99","null","2802","937","91","32"
"期末帳簿価額","2","detail","4","10,954","99","null","2808","1064","85","29"
"期末帳簿価額","2","detail","5","38,901","99","null","2801","1190","90","30"
"期末帳簿価額","2","detail","6","81,619","99","null","2801","1313","90","33"
"期末帳簿価額","2","detail","7","274,041","99","null","2785","1440","106","30"
"期末帳簿価額","2","detail","8","0","99","null","2874","1569","17","22"
"期末帳簿価額","2","detail","9","274,041","99","null","2784","1690","105","29"
"期末帳簿価額","2","detail","10","1","99","null","2874","1944","15","23"
"期末帳簿価額","2","detail","11","1","99","null","2874","2069","13","23"
"期末帳簿価額","2","detail","12","5,656","99","null","2812","2190","76","30"
"繰越超過額","2","detail","0","","100","null","0","0","0","0"
"繰越超過額","2","detail","1","","100","null","0","0","0","0"
"繰越超過額","2","detail","2","","100","null","0","0","0","0"
"繰越超過額","2","detail","3","","100","null","0","0","0","0"
"繰越超過額","2","detail","4","","100","null","0","0","0","0"
"繰越超過額","2","detail","5","","100","null","0","0","0","0"
"繰越超過額","2","detail","6","","100","null","0","0","0","0"
"繰越超過額","2","detail","7","","100","null","0","0","0","0"
"繰越超過額","2","detail","8","","100","null","0","0","0","0"
"繰越超過額","2","detail","9","","100","null","0","0","0","0"
"繰越超過額","2","detail","10","","100","null","0","0","0","0"
"繰越超過額","2","detail","11","","100","null","0","0","0","0"
"繰越超過額","2","detail","12","","100","null","0","0","0","0"
"繰越不足額","2","detail","0","","100","null","0","0","0","0"
"繰越不足額","2","detail","1","","100","null","0","0","0","0"
"繰越不足額","2","detail","2","","100","null","0","0","0","0"
"繰越不足額","2","detail","3","","100","null","0","0","0","0"
"繰越不足額","2","detail","4","","100","null","0","0","0","0"
"繰越不足額","2","detail","5","","100","null","0","0","0","0"
"繰越不足額","2","detail","6","","100","null","0","0","0","0"
"繰越不足額","2","detail","7","","100","null","0","0","0","0"
"繰越不足額","2","detail","8","","100","null","0","0","0","0"
"繰越不足額","2","detail","9","","100","null","0","0","0","0"
"繰越不足額","2","detail","10","","100","null","0","0","0","0"
"繰越不足額","2","detail","11","","100","null","0","0","0","0"
"繰越不足額","2","detail","12","","100","null","0","0","0","0"
"償却累計額","2","detail","0","1,196,065","99","null","3007","562","130","28"
"償却累計額","2","detail","1","284,343","99","null","3030","686","106","32"
"償却累計額","2","detail","2","1,135,084","99","null","3002","814","134","29"
"償却累計額","2","detail","3","599,567","99","null","3030","939","105","30"
"償却累計額","2","detail","4","208,136","99","null","3029","1062","106","31"
"償却累計額","2","detail","5","739,138","99","null","3027","1190","106","30"
"償却累計額","2","detail","6","288,731","99","null","3027","1316","106","30"
"償却累計額","2","detail","7","14,669,702","99","null","2984","1440","149","30"
"償却累計額","2","detail","8","","100","null","0","0","0","0"
"償却累計額","2","detail","9","14,669,702","99","null","2982","1691","149","28"
"償却累計額","2","detail","10","122,999","99","null","3025","1941","104","29"
"償却累計額","2","detail","11","6,014,562","99","null","2994","2066","135","28"
"償却累計額","2","detail","12","559,878","99","null","3022","2189","111","33"
"営業外費用","2","detail","0","","100","null","0","0","0","0"
"営業外費用","2","detail","1","","100","null","0","0","0","0"
"営業外費用","2","detail","2","","100","null","0","0","0","0"
"営業外費用","2","detail","3","","100","null","0","0","0","0"
"営業外費用","2","detail","4","","100","null","0","0","0","0"
"営業外費用","2","detail","5","","100","null","0","0","0","0"
"営業外費用","2","detail","6","","100","null","0","0","0","0"
"営業外費用","2","detail","7","","100","null","0","0","0","0"
"営業外費用","2","detail","8","","100","null","0","0","0","0"
"営業外費用","2","detail","9","","100","null","0","0","0","0"
"営業外費用","2","detail","10","","100","null","0","0","0","0"
"営業外費用","2","detail","11","","100","null","0","0","0","0"
"営業外費用","2","detail","12","","100","null","0","0","0","0"
"製造原価","2","detail","0","","100","null","0","0","0","0"
"製造原価","2","detail","1","","100","null","0","0","0","0"
"製造原価","2","detail","2","","100","null","0","0","0","0"
"製造原価","2","detail","3","","100","null","0","0","0","0"
"製造原価","2","detail","4","","100","null","0","0","0","0"
"製造原価","2","detail","5","","100","null","0","0","0","0"
"製造原価","2","detail","6","","100","null","0","0","0","0"
"製造原価","2","detail","7","","100","null","0","0","0","0"
"製造原価","2","detail","8","","100","null","0","0","0","0"
"製造原価","2","detail","9","","100","null","0","0","0","0"
"製造原価","2","detail","10","","100","null","0","0","0","0"
"製造原価","2","detail","11","","100","null","0","0","0","0"
"製造原価","2","detail","12","","100","null","0","0","0","0"
"販管費","2","detail","0","12,458","99","null","3287","560","90","29"
"販管費","2","detail","1","2,961","99","null","3299","686","76","30"
"販管費","2","detail","2","11,823","99","null","3290","811","88","30"
"販管費","2","detail","3","6,245","99","null","3302","936","76","30"
"販管費","2","detail","4","986","99","null","3327","1060","50","31"
"販管費","2","detail","5","3,492","99","null","3277","1188","95","31"
"販管費","2","detail","6","16,346","99","null","3283","1314","89","31"
"販管費","2","detail","7","62,902","99","null","3280","1438","91","30"
"販管費","2","detail","8","","100","null","0","0","0","0"
"販管費","2","detail","9","62,902","99","null","3278","1689","91","29"
"販管費","2","detail","10","4","99","null","3350","1944","20","22"
"販管費","2","detail","11","","100","null","0","0","0","0"
"販管費","2","detail","12","5,655","99","null","3290","2190","75","30"
